{
  "hyperparameters": {
    "hidden_units": 16,
    "learning_rate": 0.01,
    "epochs": 300,
    "seed": 42,
    "threshold": 0.5
  },
  "split": {
    "train_size": 398,
    "val_size": 85,
    "test_size": 86,
    "stratified": true
  },
  "training_time_sec": 3.1223812103271484,
  "metrics": {
    "train": {
      "accuracy": 0.9522613065326633,
      "precision": 0.9391634980988594,
      "recall": 0.988,
      "f1": 0.9629629629629629,
      "confusion_matrix": [
        [
          132,
          16
        ],
        [
          3,
          247
        ]
      ],
      "roc_auc": 0.984837837837838
    },
    "validation": {
      "accuracy": 0.9764705882352941,
      "precision": 0.9811320754716981,
      "recall": 0.9811320754716981,
      "f1": 0.9811320754716981,
      "confusion_matrix": [
        [
          31,
          1
        ],
        [
          1,
          52
        ]
      ],
      "roc_auc": 0.9964622641509434
    },
    "test": {
      "accuracy": 0.9069767441860465,
      "precision": 0.896551724137931,
      "recall": 0.9629629629629629,
      "f1": 0.9285714285714286,
      "confusion_matrix": [
        [
          26,
          6
        ],
        [
          2,
          52
        ]
      ],
      "roc_auc": 0.9756944444444444
    }
  }
}