{
  "hyperparameters": {
    "hidden_units": 16,
    "learning_rate": 0.05,
    "epochs": 300,
    "seed": 42,
    "threshold": 0.5
  },
  "split": {
    "train_size": 398,
    "val_size": 85,
    "test_size": 86,
    "stratified": true
  },
  "training_time_sec": 2.257897138595581,
  "metrics": {
    "train": {
      "accuracy": 0.9824120603015075,
      "precision": 0.9802371541501976,
      "recall": 0.992,
      "f1": 0.9860834990059643,
      "confusion_matrix": [
        [
          143,
          5
        ],
        [
          2,
          248
        ]
      ],
      "roc_auc": 0.9952972972972973
    },
    "validation": {
      "accuracy": 0.9882352941176471,
      "precision": 1.0,
      "recall": 0.9811320754716981,
      "f1": 0.9904761904761905,
      "confusion_matrix": [
        [
          32,
          0
        ],
        [
          1,
          52
        ]
      ],
      "roc_auc": 0.9994103773584906
    },
    "test": {
      "accuracy": 0.9418604651162791,
      "precision": 0.9622641509433962,
      "recall": 0.9444444444444444,
      "f1": 0.9532710280373832,
      "confusion_matrix": [
        [
          30,
          2
        ],
        [
          3,
          51
        ]
      ],
      "roc_auc": 0.9907407407407407
    }
  }
}