{
  "hyperparameters": {
    "hidden_units": 32,
    "learning_rate": 0.05,
    "epochs": 300,
    "seed": 42,
    "threshold": 0.5
  },
  "split": {
    "train_size": 398,
    "val_size": 85,
    "test_size": 86,
    "stratified": true
  },
  "training_time_sec": 0.400712251663208,
  "metrics": {
    "train": {
      "accuracy": 0.9798994974874372,
      "precision": 0.9801587301587301,
      "recall": 0.988,
      "f1": 0.9840637450199203,
      "confusion_matrix": [
        [
          143,
          5
        ],
        [
          3,
          247
        ]
      ],
      "roc_auc": 0.996
    },
    "validation": {
      "accuracy": 0.9882352941176471,
      "precision": 1.0,
      "recall": 0.9811320754716981,
      "f1": 0.9904761904761905,
      "confusion_matrix": [
        [
          32,
          0
        ],
        [
          1,
          52
        ]
      ],
      "roc_auc": 0.9988207547169812
    },
    "test": {
      "accuracy": 0.9651162790697675,
      "precision": 0.9811320754716981,
      "recall": 0.9629629629629629,
      "f1": 0.9719626168224299,
      "confusion_matrix": [
        [
          31,
          1
        ],
        [
          2,
          52
        ]
      ],
      "roc_auc": 0.9976851851851852
    }
  }
}