{
  "hyperparameters": {
    "hidden_units": 64,
    "learning_rate": 0.01,
    "epochs": 300,
    "seed": 42,
    "threshold": 0.5
  },
  "split": {
    "train_size": 398,
    "val_size": 85,
    "test_size": 86,
    "stratified": true
  },
  "training_time_sec": 0.801917314529419,
  "metrics": {
    "train": {
      "accuracy": 0.9547738693467337,
      "precision": 0.9461538461538461,
      "recall": 0.984,
      "f1": 0.9647058823529412,
      "confusion_matrix": [
        [
          134,
          14
        ],
        [
          4,
          246
        ]
      ],
      "roc_auc": 0.9893243243243243
    },
    "validation": {
      "accuracy": 0.9882352941176471,
      "precision": 1.0,
      "recall": 0.9811320754716981,
      "f1": 0.9904761904761905,
      "confusion_matrix": [
        [
          32,
          0
        ],
        [
          1,
          52
        ]
      ],
      "roc_auc": 0.9982311320754718
    },
    "test": {
      "accuracy": 0.9186046511627907,
      "precision": 0.8983050847457628,
      "recall": 0.9814814814814815,
      "f1": 0.9380530973451328,
      "confusion_matrix": [
        [
          26,
          6
        ],
        [
          1,
          53
        ]
      ],
      "roc_auc": 0.9797453703703703
    }
  }
}